<?xml version="1.0" encoding="UTF-8"?>
<beans xmlns="http://www.springframework.org/schema/beans"
	xmlns:xsi="http://www.w3.org/2001/XMLSchema-instance"
	xmlns:p="http://www.springframework.org/schema/p"
	xmlns:context="http://www.springframework.org/schema/context"
	xsi:schemaLocation="http://www.springframework.org/schema/beans
    http://www.springframework.org/schema/beans/spring-beans-2.5.xsd
    http://www.springframework.org/schema/context
    http://www.springframework.org/schema/context/spring-context.xsd">
    <context:annotation-config></context:annotation-config>
	
	
	<bean class="com.d3.Address" name="address">
	<property name="landmark" value="Behind Gandhi Statue" />
	<property name="city" value="Mumbai" />
	</bean>
	
	<bean class="com.d3.Address" name="address2">
	<property name="landmark" value="Behind Gandhi Statue" />
	<property name="city" value="Delhi" />
	</bean>
	
	<bean class="com.d3.Address" name="address3">
	<property name="landmark" value="Behind Gandhi Statue" />
	<property name="city" value="Chennai" />
	</bean>
	
	
	<bean class="com.d3.Emp" name="emp1" scope="prototype" >
	</bean>
	
</beans>